,BTC/USDT,ETH/USDT,DOGE/USDT,BNB/USDT,ADA/USDT,SOL/USDT
BTC/USDT,1.0,0.7444947050682025,0.7494347209317933,0.6296657081211824,0.7332931182769059,0.6733188381166085
ETH/USDT,0.7444947050682025,1.0,0.8138178637827503,0.7520541299855383,0.8400809771372864,0.6356303368916137
DOGE/USDT,0.7494347209317933,0.8138178637827503,1.0,0.7261927586708173,0.8247176447555827,0.652789490511989
BNB/USDT,0.6296657081211824,0.7520541299855383,0.7261927586708173,1.0,0.7716070938205889,0.5721582076150883
ADA/USDT,0.7332931182769059,0.8400809771372864,0.8247176447555827,0.7716070938205889,1.0,0.6510565519703878
SOL/USDT,0.6733188381166085,0.6356303368916137,0.652789490511989,0.5721582076150883,0.6510565519703878,1.0
