,BTC/USDT,ETH/USDT,DOGE/USDT,BNB/USDT,ADA/USDT,SOL/USDT
BTC/USDT,1.0,0.7433686341826033,0.7482736852644637,0.631000713544168,0.7346471019416301,0.67368603252454
ETH/USDT,0.7433686341826033,1.0,0.8133910431269834,0.7527641582670258,0.8416036268036851,0.6355333555182614
DOGE/USDT,0.7482736852644637,0.8133910431269834,1.0,0.7260635767505411,0.8250793811707823,0.6525302414226346
BNB/USDT,0.631000713544168,0.7527641582670258,0.7260635767505411,1.0,0.7717599629149553,0.572747310820456
ADA/USDT,0.7346471019416301,0.8416036268036851,0.8250793811707823,0.7717599629149553,1.0,0.6516058331257841
SOL/USDT,0.67368603252454,0.6355333555182614,0.6525302414226346,0.572747310820456,0.6516058331257841,1.0
