,BTC/USDT,ETH/USDT,DOGE/USDT,BNB/USDT,ADA/USDT,SOL/USDT
BTC/USDT,3.20239504661701e-05,3.99089983725234e-05,5.401411214937733e-05,2.7215291181663443e-05,5.7855235380513035e-05,5.0022725643287405e-05
ETH/USDT,3.99089983725234e-05,9.000326946391604e-05,9.843234810199597e-05,5.442942643652393e-05,0.00011111256768567615,7.911154171851707e-05
DOGE/USDT,5.401411214937733e-05,9.843234810199597e-05,0.00016271164403837586,7.058780050554864e-05,0.00014646420318301993,0.00010921500661038546
BNB/USDT,2.7215291181663443e-05,5.442942643652393e-05,7.058780050554864e-05,5.808866084375511e-05,8.185672581845654e-05,5.727711001498538e-05
ADA/USDT,5.7855235380513035e-05,0.00011111256768567615,0.00014646420318301993,8.185672581845654e-05,0.00019366577801312667,0.00011898268410508253
SOL/USDT,5.0022725643287405e-05,7.911154171851707e-05,0.00010921500661038546,5.727711001498538e-05,0.00011898268410508253,0.00017216493858542576
