,BTC/USDT,ETH/USDT,DOGE/USDT,BNB/USDT,ADA/USDT,SOL/USDT
BTC/USDT,3.204611186203719e-05,4.004979861630738e-05,5.4136608626300594e-05,2.714321024571376e-05,5.7760885087831405e-05,4.9979740787853786e-05
ETH/USDT,4.004979861630738e-05,9.030298415831346e-05,9.868424748703527e-05,5.442064040782725e-05,0.00011108125038427384,7.920292667297568e-05
DOGE/USDT,5.4136608626300594e-05,9.868424748703527e-05,0.00016283176409385435,7.056428971675013e-05,0.0001464344998877214,0.00010922656596280802
BNB/USDT,2.714321024571376e-05,5.442064040782725e-05,7.056428971675013e-05,5.798651292953639e-05,8.175762482570319e-05,5.713012714575444e-05
ADA/USDT,5.7760885087831405e-05,0.00011108125038427384,0.0001464344998877214,8.175762482570319e-05,0.00019361415983493854,0.00011878807204572618
SOL/USDT,4.9979740787853786e-05,7.920292667297568e-05,0.00010922656596280802,5.713012714575444e-05,0.00011878807204572618,0.00017193770431159856
