,BTC/USDT_MONTHLY,ETH/USDT_MONTHLY,DOGE/USDT_MONTHLY,BNB/USDT_MONTHLY,ADA/USDT_MONTHLY,SOL/USDT_MONTHLY
0,-0.17593469649718926,-0.3050358595188255,-0.46662034471636366,-0.09696652014789144,-0.3529504891394271,-0.5239274916167623
