,BTC/USDT_sharpe_ratio,BTC/USDT_CALMAR_RATIO,ETH/USDT_sharpe_ratio,ETH/USDT_CALMAR_RATIO,DOGE/USDT_sharpe_ratio,DOGE/USDT_CALMAR_RATIO,BNB/USDT_sharpe_ratio,BNB/USDT_CALMAR_RATIO,ADA/USDT_sharpe_ratio,ADA/USDT_CALMAR_RATIO,SOL/USDT_sharpe_ratio,SOL/USDT_CALMAR_RATIO
0,-1.2062706363298905,-0.696076128832812,-1.2072964967015491,-0.7080280714494311,-1.3099067156742703,-0.5688218864162552,-0.5010881958858708,-0.33298926097195913,-0.9435169042758808,-0.5622102112925137,-1.4895594530308924,-0.6669150380535015
