,BTC/USDT,ETH/USDT,DOGE/USDT,BNB/USDT,ADA/USDT,SOL/USDT
HOURLY,0.005660928533556769,0.0095027882307412,0.012760555007281401,0.0076148875848259506,0.013914530528729256,0.013112501832663308
DAILY,0.027732772755151847,0.046553964598082545,0.06251369720511263,0.03730517806295627,0.0681669996115314,0.06423787748266879
WEEKLY,0.07337401987639935,0.12317021287063144,0.16539569633992157,0.09870022376956455,0.18035292859354868,0.16995744856977751
MONTHLY,0.15189865220161364,0.2549865655166674,0.3424016211228785,0.20432887536828026,0.37336603364681653,0.35184534543510876
